{
  "version": 1,
  "author": "Anonymous maker",
  "editor": "wokwi",
  "parts": [
    { "type": "wokwi-arduino-uno", "id": "uno", "top": 0, "left": 1.95, "attrs": {} },
    {
      "type": "wokwi-led",
      "id": "led2",
      "top": -84.4,
      "left": 220.33,
      "attrs": { "color": "red" }
    },
    {
      "type": "wokwi-hc-sr04",
      "id": "ultrasonic1",
      "top": 55.77,
      "left": -247.3,
      "attrs": { "distance": "150" }
    },
    {
      "type": "wokwi-buzzer",
      "id": "bz1",
      "top": -122.67,
      "left": 108.34,
      "attrs": { "volume": "0.1" }
    },
    { "type": "wokwi-dht22", "id": "dht1", "top": -201.23, "left": -535.08, "attrs": {} },
    { "type": "board-ds18b20", "id": "temp1", "top": -89.84, "left": -547.11, "attrs": {} },
    { "type": "wokwi-dht22", "id": "dht2", "top": -170.39, "left": -365.48, "attrs": {} },
    {
      "type": "wokwi-photoresistor-sensor",
      "id": "ldr1",
      "top": -131.2,
      "left": -126.64,
      "attrs": {}
    },
    {
      "type": "wokwi-photoresistor-sensor",
      "id": "ldr2",
      "top": -57.04,
      "left": -499.4,
      "attrs": {}
    },
    {
      "type": "wokwi-lcd1602",
      "id": "lcd1",
      "top": 274.04,
      "left": -54.34,
      "attrs": { "pins": "i2c" }
    },
    {
      "type": "wokwi-lcd1602",
      "id": "lcd2",
      "top": 1.79,
      "left": -692.53,
      "attrs": { "pins": "i2c" }
    }
  ],
  "connections": [
    [ "uno:GND.3", "ultrasonic1:GND", "black", [ "v29.47", "h-322", "v0" ] ],
    [ "uno:5V", "ultrasonic1:VCC", "red", [ "v56.13", "h-366.33" ] ],
    [ "ultrasonic1:ECHO", "uno:13", "green", [ "v46.7", "h133.67", "v-204", "h144.67" ] ],
    [ "ultrasonic1:TRIG", "uno:12", "green", [ "v32.03", "h129", "v-197.33", "h167.33" ] ],
    [ "led2:A", "uno:2", "red", [ "v0" ] ],
    [ "bz1:2", "uno:10", "green", [ "v0" ] ],
    [ "bz1:1", "uno:GND.1", "green", [ "v-2.88", "h-21.46" ] ],
    [ "led2:C", "uno:GND.1", "green", [ "v-85.43", "h-129.74" ] ],
    [ "ldr1:VCC", "uno:5V", "red", [ "h284.31", "v249.63" ] ],
    [ "lcd1:GND", "uno:GND.3", "black", [ "h0" ] ],
    [ "lcd1:VCC", "uno:5V", "red", [ "h0" ] ],
    [ "lcd1:SDA", "uno:A4", "green", [ "h0" ] ],
    [ "ldr1:GND", "uno:GND.1", "black", [ "h0" ] ],
    [ "lcd1:SCL", "uno:A5", "green", [ "h0" ] ],
    [ "ldr1:DO", "uno:3", "green", [ "h0" ] ]
  ],
  "dependencies": {}
}